{
  "project_info": {
    "project_number": "586411900510",
    "project_id": "mobile-project-6f55d",
    "storage_bucket": "mobile-project-6f55d.appspot.com"
  },
  "client": [
    {
      "client_info": {
        "mobilesdk_app_id": "1:586411900510:android:285cb4e5933c3aeeecfecf",
        "android_client_info": {
          "package_name": "com.example.mobileproject"
        }
      },
      "oauth_client": [
        {
          "client_id": "586411900510-t73rcfjsf7biba8g7jjqsradn0e0e1ds.apps.googleusercontent.com",
          "client_type": 3
        }
      ],
      "api_key": [
        {
          "current_key": "AIzaSyCHbmhPMniN4xqUwn7Wn-madBHYDfMJWSo"
        }
      ],
      "services": {
        "appinvite_service": {
          "other_platform_oauth_client": [
            {
              "client_id": "586411900510-t73rcfjsf7biba8g7jjqsradn0e0e1ds.apps.googleusercontent.com",
              "client_type": 3
            }
          ]
        }
      }
    }
  ],
  "configuration_version": "1"
}